chrom	start	end	amplicon_id	snploc	TargetName	Mutation	Gene	Location	pos	reduced
2L	208536	210537	Agam_0	209536	Agam_1_fp	AIM	MS	Ag_2L:209536	1000	
2L	926247	928248	Agam_1	927247	Agam_2_fp	AIM	MS	Ag_2L:927247	1000	
2L	2402941	2404942	Agam_10	2403941	Agam_12_fp	VGSC_tag	VGSC/Para	Ag_2L:2403941	1000	
2L	2407423	2409678	Agam_11	2408423	Agam_13_fp	VGSC_tag	VGSC/Para	Ag_2L:2408423	1000	
2L	2407423	2409678	Agam_11	2408677	Agam_14_fp	VGSC_tag	VGSC/Para	Ag_2L:2408677	1254	
2L	2413062	2415063	Agam_12	2414062	Agam_15_fp	VGSC_tag	VGSC/Para	Ag_2L:2414062	1000	
2L	2415980	2417981	Agam_13	2416980	Agam_16_fp	T791M	VGSC/Para	Ag_2L:2416980	1000	
2L	2421651	2423653	Agam_14	2422651	Agam_17_fp	L995S	VGSC/Para	Ag_2L:2422651	1000	1
2L	2421651	2423653	Agam_14	2422652	Agam_17_fp	L995F	VGSC/Para	Ag_2L:2422652	1001	
2L	2424052	2426767	Agam_15	2425052	Agam_18_fp	VGSC_tag	VGSC/Para	Ag_2L:2425052	1000	
2L	2424052	2426767	Agam_15	2425766	Agam_19_fp	VGSC_tag	VGSC/Para	Ag_2L:2425766	1714	
2L	2428745	2433420	Agam_16	2431005	Agam_23_fp	AIM	MS	Ag_2L:2431005	2260	
2L	2428745	2433420	Agam_16	2431061	Agam_23_fp	A1934V	MS / VGSC	Ag_2L:2431061	2316	
2L	2428745	2433420	Agam_16	2429745	Agam_20_fp	N1570Y	VGSC/Para	Ag_2L:2429745	1000	1
2L	2428745	2433420	Agam_16	2429897	Agam_20_fp	E1597G	VGSC/Para	Ag_2L:2429897	1152	
2L	2428745	2433420	Agam_16	2430424	Agam_21_fp	A1746S	VGSC/Para	Ag_2L:2430424	1679	
2L	2428745	2433420	Agam_16	2430817	Agam_22_fp	V1853I	VGSC/Para	Ag_2L:2430817	2072	
2L	2428745	2433420	Agam_16	2430863	Agam_22_fp	I1868T	VGSC/Para	Ag_2L:2430863	2118	
2L	2428745	2433420	Agam_16	2430880	Agam_22_fp	P1874S	VGSC/Para	Ag_2L:2430880	2135	1
2L	2428745	2433420	Agam_16	2430881	Agam_22_fp	P1874L	VGSC/Para	Ag_2L:2430881	2136	
2L	2428745	2433420	Agam_16	2432419	Agam_24_fp	VGSC_tag	VGSC/Para	Ag_2L:2432419	3674	
2L	2434581	2436582	Agam_17	2435581	Agam_25_fp	VGSC_tag	VGSC/Para	Ag_2L:2435581	1000	
2L	20287132	20289133	Agam_18	20288132	Agam_26_fp	COEAE1D_tag	COEAE1D	Ag_2L:20288132	1000	
2L	25428235	25430237	Agam_19	25429235	Agam_27_fp	A296S	RDL	Ag_2L:25429235	1000	1
2L	25428235	25430237	Agam_19	25429236	Agam_27_fp	A296G	RDL	Ag_2L:25429236	1001	
2L	1273353	1275354	Agam_2	1274353	Agam_3_fp	AIM	MS	Ag_2L:1274353	1000	
2L	25634973	25636974	Agam_20	25635973	Agam_28_fp	L43F	CYP4J5	Ag_2L:25635973	1000	
2L	34072195	34074196	Agam_21	34073195	Agam_29_fp	34mb_tag	LIM homeobox protein	Ag_2L:34073195	1000	
2L	34099758	34101759	Agam_22	34100758	Agam_30_fp	34mb_tag	N/A	Ag_2L:34100758	1000	
2L	34117141	34119261	Agam_23	34118141	Agam_31_fp	34mb_tag	namess gene	Ag_2L:34118141	1000	1
2L	34117141	34119261	Agam_23	34118260	Agam_31_fp	34mb_tag	N/A	Ag_2L:34118260	1119	
2R	3491074	3493075	Agam_24	3492074	Agam_32_fp	G119S	Ace-1	Ag_2R:3492074	1000	1
2R	8367731	8369732	Agam_25	8368731	Agam_33_fp	AIM	MS	Ag_2R:8368731	1000	
2R	17853287	17855288	Agam_26	17854287	Agam_34_fp	AIM	MS	Ag_2R:17854287	1000	
2R	28491879	28495248	Agam_27	28492879	Agam_35_fp	I88T	CYP6P3	Ag_2R:28492879	1000	
2R	28491879	28495248	Agam_27	28494247	Agam_36_fp	cyp6_tag	CYP6P5	Ag_2R:28494247	2368	
2R	28496563	28503851	Agam_28	28497563	Agam_37_fp	cyp6_tag	CYP6P4	Ag_2R:28497563	1000	
2R	28496563	28503851	Agam_28	28497967	Agam_38_fp	I236M	CYP6P4	Ag_2R:28497967	1404	1
2R	28496563	28503851	Agam_28	28498192	Agam_39_fp	cyp6_tag	CYP6P4	Ag_2R:28498192	1629	
2R	28496563	28503851	Agam_28	28499661	Agam_40_fp	cyp6_tag	CYP6P1	Ag_2R:28499661	3098	
2R	28496563	28503851	Agam_28	28500643	Agam_41_fp	cyp6_tag	CYP6P1	Ag_2R:28500643	4080	
2R	28496563	28503851	Agam_28	28501399	Agam_42_fp	cyp6_tag	CYP6P2	Ag_2R:28501399	4836	
2R	28496563	28503851	Agam_28	28502736	Agam_43_fp	cyp6_tag	CYP6P2	Ag_2R:28502736	6173	
2R	28496563	28503851	Agam_28	28502850	Agam_43_fp	cyp6_tag	CYP6P2	Ag_2R:28502850	6287	
2R	49437586	49439587	Agam_29	49438586	Agam_44_fp	AIM	MS	Ag_2R:49438586	1000	
2L	1417210	1419211	Agam_3	1418210	Agam_4_fp	AIM	MS	Ag_2L:1418210	1000	
3L	64133	66134	Agam_30	65133	Agam_45_fp	AIM	MS	Ag_3L:65133	1000	
3L	128051	130052	Agam_31	129051	Agam_46_fp	AIM	MS	Ag_3L:129051	1000	
3L	192173	194174	Agam_32	193173	Agam_47_fp	AIM	MS	Ag_3L:193173	1000	
3L	366248	368249	Agam_33	367248	Agam_48_fp	AIM	MS	Ag_3L:367248	1000	
3L	379974	381975	Agam_34	380974	Agam_49_fp	AIM	MS	Ag_3L:380974	1000	
3L	412508	414509	Agam_35	413508	Agam_50_fp	AIM	MS	Ag_3L:413508	1000	
3L	11207465	11209466	Agam_36	11208465	Agam_51_fp	TEP1A	TEP1	Ag_3L:11208465	1000	
3L	11212955	11214956	Agam_37	11213955	Agam_52_fp	TEP1B	TEP1	Ag_3L:11213955	1000	
3R	33264	36122	Agam_38	34264	Agam_53_fp	AIM	MS	Ag_3R:34264	1000	
3R	33264	36122	Agam_38	35121	Agam_54_fp	AIM	MS	Ag_3R:35121	1857	
3R	37161	39162	Agam_39	38161	Agam_55_fp	AIM	MS	Ag_3R:38161	1000	1
2L	1570929	1572930	Agam_4	1571929	Agam_5_fp	AIM	MS	Ag_2L:1571929	1000	
3R	41848	43849	Agam_40	42848	Agam_56_fp	AIM	MS	Ag_3R:42848	1000	
3R	49590	51591	Agam_41	50590	Agam_57_fp	AIM	MS	Ag_3R:50590	1000	
3R	70973	72974	Agam_42	71973	Agam_58_fp	AIM	MS	Ag_3R:71973	1000	
3R	96617	98618	Agam_43	97617	Agam_59_fp	AIM	MS	Ag_3R:97617	1000	
3R	8563156	8565157	Agam_44	8564156	Agam_60_fp	D7R2	D7R2	Ag_3R:8564156	1000	
3R	28591158	28593159	Agam_45	28592158	Agam_61_fp	GSTe_tag	GSTU4	Ag_3R:28592158	1000	
3R	28594449	28596450	Agam_46	28595449	Agam_62_fp	GSTe_tag	GSTE5	Ag_3R:28595449	1000	
3R	28597062	28599167	Agam_47	28598062	Agam_63_fp	L119V	GSTE2	Ag_3R:28598062	1000	
3R	28597062	28599167	Agam_47	28598166	Agam_63_fp	I114T	GSTE2	Ag_3R:28598166	1104	1
3R	28599701	28601702	Agam_48	28600701	Agam_64_fp	GSTe_tag	GSTE7	Ag_3R:28600701	1000	
X	15248654	15252491	Agam_49	15249654	Agam_65_fp	9k1_tag	CYP9K1	Ag_X:15249654	1000	
X	15248654	15252491	Agam_49	15251490	Agam_66_fp	9k1_tag	CYP9K1	Ag_X:15251490	2836	
2L	1775348	1777349	Agam_5	1776348	Agam_6_fp	AIM	MS	Ag_2L:1776348	1000	
X	15254321	15256322	Agam_50	15255321	Agam_67_fp	9k1_tag	CYP9K1	Ag_X:15255321	1000	
X	18757300	18759301	Agam_51	18758300	Agam_68_fp	AIM	MS	Ag_X:18758300	1000	
X	19630625	19632626	Agam_52	19631625	Agam_69_fp	AIM	MS	Ag_X:19631625	1000	
X	20013696	20015697	Agam_53	20014696	Agam_70_fp	AIM	MS	Ag_X:20014696	1000	1
X	20127328	20130289	Agam_54	20128328	Agam_71_fp	AIM	MS	Ag_X:20128328	1000	
X	20127328	20130289	Agam_54	20129288	Agam_72_fp	AIM	MS	Ag_X:20129288	1960	
X	21720801	21722802	Agam_55	21721801	Agam_73_fp	AIM	MS	Ag_X:21721801	1000	
X	22163043	22165044	Agam_56	22164043	Agam_74_fp	AIM	MS	Ag_X:22164043	1000	
X	22797648	22799649	Agam_57	22798648	Agam_75_fp	AIM	MS	Ag_X:22798648	1000	
X	23467268	23469269	Agam_58	23468268	Agam_76_fp	AIM	MS	Ag_X:23468268	1000	
X	24228846	24230847	Agam_59	24229846	Agam_77_fp	AIM	MS	Ag_X:24229846	1000	
2L	1946574	1948575	Agam_6	1947574	Agam_7_fp	AIM	MS	Ag_2L:1947574	1000	
X	24265728	24267729	Agam_60	24266728	Agam_78_fp	AIM	MS	Ag_X:24266728	1000	
2L	2379982	2382707	Agam_7	2380982	Agam_8_fp	VGSC_tag	VGSC/Para	Ag_2L:2380982	1000	
2L	2379982	2382707	Agam_7	2381706	Agam_9_fp	VGSC_tag	VGSC/Para	Ag_2L:2381706	1724	
2L	2387595	2389596	Agam_8	2388595	Agam_10_fp	VGSC_tag	VGSC/Para	Ag_2L:2388595	1000	
2L	2398997	2400998	Agam_9	2399997	Agam_11_fp	D466H	VGSC/Para	Ag_2L:2399997	1000	
